[
	{ "dateStr": "27/04/2014", "km": 26429, "note": "" },
	{ "dateStr": "20/07/2014", "km": 28600, "note": "" },
	{ "dateStr": "14/09/2014", "km": 30000, "note": "Bảo dưỡng" },
	{ "dateStr": "04/01/2015", "km": 32200, "note": "Thay lốp, thay săm bánh sau" },
	{ "dateStr": "29/03/2015", "km": 34000, "note": "" },
	{ "dateStr": "06/08/2015", "km": 36866, "note": "" },
	{ "dateStr": "11/12/2015", "km": 39732, "note": "Thay lốp, thay săm bánh sau" },
	{ "dateStr": "14/02/2016", "km": 41041, "note": "" },
	{ "dateStr": "25/04/2016", "km": 42029, "note": "Bảo dưỡng, thay ác quy" },
	{ "dateStr": "30/06/2016", "km": 43200, "note": "Thay nhông xích Honda bằng nhông xích Thái Lan" },
	{ "dateStr": "18/09/2016", "km": 45167, "note": "" },
	{ "dateStr": "05/12/2016", "km": 47269, "note": "" },
	{ "dateStr": "28/02/2017", "km": 49454, "note": "" },
	{ "dateStr": "30/04/2017", "km": 50851, "note": "" },
	{ "dateStr": "02/08/2017", "km": 52750, "note": "" }
]
